title,img,评分
肖申克的救赎,https://img3.doubanio.com/view/photo/s_ratio_poster/public/p480747492.jpg,9.7
霸王别姬,https://img3.doubanio.com/view/photo/s_ratio_poster/public/p2561716440.jpg,9.6
阿甘正传,https://img3.doubanio.com/view/photo/s_ratio_poster/public/p2559011361.jpg,9.5
这个杀手不太冷,https://img3.doubanio.com/view/photo/s_ratio_poster/public/p511118051.jpg,9.4
美丽人生,https://img3.doubanio.com/view/photo/s_ratio_poster/public/p510861873.jpg,9.5
泰坦尼克号,https://img3.doubanio.com/view/photo/s_ratio_poster/public/p457760035.jpg,9.4
千与千寻,https://img1.doubanio.com/view/photo/s_ratio_poster/public/p2557573348.jpg,9.3
辛德勒的名单,https://img3.doubanio.com/view/photo/s_ratio_poster/public/p492406163.jpg,9.5
盗梦空间,https://img3.doubanio.com/view/photo/s_ratio_poster/public/p513344864.jpg,9.3
忠犬八公的故事,https://img9.doubanio.com/view/photo/s_ratio_poster/public/p524964016.jpg,9.3
机器人总动员,https://img3.doubanio.com/view/photo/s_ratio_poster/public/p1461851991.jpg,9.3
海上钢琴师,https://img9.doubanio.com/view/photo/s_ratio_poster/public/p2574551676.jpg,9.3
三傻大闹宝莱坞,https://img3.doubanio.com/view/photo/s_ratio_poster/public/p579729551.jpg,9.2
放牛班的春天,https://img3.doubanio.com/view/photo/s_ratio_poster/public/p1910824951.jpg,9.3
楚门的世界,https://img3.doubanio.com/view/photo/s_ratio_poster/public/p479682972.jpg,9.3
星际穿越,https://img3.doubanio.com/view/photo/s_ratio_poster/public/p2206088801.jpg,9.3
大话西游之大圣娶亲,https://img9.doubanio.com/view/photo/s_ratio_poster/public/p2455050536.jpg,9.2
龙猫,https://img9.doubanio.com/view/photo/s_ratio_poster/public/p2540924496.jpg,9.2
熔炉,https://img9.doubanio.com/view/photo/s_ratio_poster/public/p1363250216.jpg,9.3
无间道,https://img3.doubanio.com/view/photo/s_ratio_poster/public/p2564556863.jpg,9.2
教父,https://img3.doubanio.com/view/photo/s_ratio_poster/public/p616779645.jpg,9.3
疯狂动物城,https://img1.doubanio.com/view/photo/s_ratio_poster/public/p2315672647.jpg,9.2
当幸福来敲门,https://img1.doubanio.com/view/photo/s_ratio_poster/public/p1312700628.jpg,9.1
怦然心动,https://img3.doubanio.com/view/photo/s_ratio_poster/public/p2220734673.jpg,9.0
触不可及,https://img1.doubanio.com/view/photo/s_ratio_poster/public/p1454259399.jpg,9.2
蝙蝠侠：黑暗骑士,https://img3.doubanio.com/view/photo/s_ratio_poster/public/p462657443.jpg,9.2
活着,https://img3.doubanio.com/view/photo/s_ratio_poster/public/p2513253791.jpg,9.2
控方证人,https://img1.doubanio.com/view/photo/s_ratio_poster/public/p1505392928.jpg,9.6
乱世佳人,https://img3.doubanio.com/view/photo/s_ratio_poster/public/p1963126880.jpg,9.3
少年派的奇幻漂流,https://img3.doubanio.com/view/photo/s_ratio_poster/public/p1784592701.jpg,9.0
摔跤吧！爸爸,https://img3.doubanio.com/view/photo/s_ratio_poster/public/p2457983084.jpg,9.0
指环王3：王者无敌,https://img3.doubanio.com/view/photo/s_ratio_poster/public/p1910825503.jpg,9.2
飞屋环游记,https://img3.doubanio.com/view/photo/s_ratio_poster/public/p485887754.jpg,9.0
鬼子来了,https://img1.doubanio.com/view/photo/s_ratio_poster/public/p2553104888.jpg,9.2
十二怒汉,https://img3.doubanio.com/view/photo/s_ratio_poster/public/p2173577632.jpg,9.4
天空之城,https://img1.doubanio.com/view/photo/s_ratio_poster/public/p1446261379.jpg,9.1
天堂电影院,https://img1.doubanio.com/view/photo/s_ratio_poster/public/p2559577569.jpg,9.2
寻梦环游记,https://img1.doubanio.com/view/photo/s_ratio_poster/public/p2503997609.jpg,9.1
末代皇帝,https://img3.doubanio.com/view/photo/s_ratio_poster/public/p452089833.jpg,9.2
大话西游之月光宝盒,https://img3.doubanio.com/view/photo/s_ratio_poster/public/p2561721372.jpg,9.0
哈尔的移动城堡,https://img3.doubanio.com/view/photo/s_ratio_poster/public/p2174346180.jpg,9.0
罗马假日,https://img3.doubanio.com/view/photo/s_ratio_poster/public/p2189265085.jpg,9.0
搏击俱乐部,https://img1.doubanio.com/view/photo/s_ratio_poster/public/p1910926158.jpg,9.0
闻香识女人,https://img1.doubanio.com/view/photo/s_ratio_poster/public/p2550757929.jpg,9.0
素媛,https://img3.doubanio.com/view/photo/s_ratio_poster/public/p2118532944.jpg,9.2
辩护人,https://img3.doubanio.com/view/photo/s_ratio_poster/public/p2158166535.jpg,9.2
何以为家,https://img1.doubanio.com/view/photo/s_ratio_poster/public/p2555295759.jpg,9.1
窃听风暴,https://img1.doubanio.com/view/photo/s_ratio_poster/public/p1808872109.jpg,9.1
死亡诗社,https://img3.doubanio.com/view/photo/s_ratio_poster/public/p502437344.jpg,9.1
教父2,https://img1.doubanio.com/view/photo/s_ratio_poster/public/p2194138787.jpg,9.2
两杆大烟枪,https://img1.doubanio.com/view/photo/s_ratio_poster/public/p792443418.jpg,9.1
指环王2：双塔奇兵,https://img9.doubanio.com/view/photo/s_ratio_poster/public/p909265336.jpg,9.1
飞越疯人院,https://img1.doubanio.com/view/photo/s_ratio_poster/public/p792238287.jpg,9.1
狮子王,https://img1.doubanio.com/view/photo/s_ratio_poster/public/p726659067.jpg,9.0
指环王1：魔戒再现,https://img3.doubanio.com/view/photo/s_ratio_poster/public/p1354436051.jpg,9.0
V字仇杀队,https://img3.doubanio.com/view/photo/s_ratio_poster/public/p1465235231.jpg,8.9
美丽心灵,https://img3.doubanio.com/view/photo/s_ratio_poster/public/p1665997400.jpg,9.0
饮食男女,https://img3.doubanio.com/view/photo/s_ratio_poster/public/p1910899751.jpg,9.1
大闹天宫,https://img1.doubanio.com/view/photo/s_ratio_poster/public/p2184505167.jpg,9.3
哈利・波特与魔法石,https://img9.doubanio.com/view/photo/s_ratio_poster/public/p804947166.jpg,8.9
钢琴家,https://img3.doubanio.com/view/photo/s_ratio_poster/public/p792376093.jpg,9.1
海豚湾,https://img1.doubanio.com/view/photo/s_ratio_poster/public/p2559579779.jpg,9.3
本杰明・巴顿奇事,https://img3.doubanio.com/view/photo/s_ratio_poster/public/p2192535722.jpg,8.9
情书,https://img1.doubanio.com/view/photo/s_ratio_poster/public/p449897379.jpg,8.9
黑客帝国,https://img1.doubanio.com/view/photo/s_ratio_poster/public/p451926968.jpg,9.0
看不见的客人,https://img3.doubanio.com/view/photo/s_ratio_poster/public/p2498971355.jpg,8.8
让子弹飞,https://img1.doubanio.com/view/photo/s_ratio_poster/public/p1512562287.jpg,8.8
西西里的美丽传说,https://img1.doubanio.com/view/photo/s_ratio_poster/public/p2441988159.jpg,8.8
小鞋子,https://img9.doubanio.com/view/photo/s_ratio_poster/public/p2173580536.jpg,9.2
猫鼠游戏,https://img3.doubanio.com/view/photo/s_ratio_poster/public/p453924541.jpg,8.9
拯救大兵瑞恩,https://img9.doubanio.com/view/photo/s_ratio_poster/public/p1014542496.jpg,9.0
美国往事,https://img1.doubanio.com/view/photo/s_ratio_poster/public/p477229647.jpg,9.2
音乐之声,https://img1.doubanio.com/view/photo/s_ratio_poster/public/p453788577.jpg,9.0
我不是药神,https://img9.doubanio.com/view/photo/s_ratio_poster/public/p2561305376.jpg,9.0
致命魔术,https://img3.doubanio.com/view/photo/s_ratio_poster/public/p480383375.jpg,8.8
七宗罪,https://img3.doubanio.com/view/photo/s_ratio_poster/public/p457631605.jpg,8.8
低俗小说,https://img3.doubanio.com/view/photo/s_ratio_poster/public/p1910902213.jpg,8.8
穿条纹睡衣的男孩,https://img3.doubanio.com/view/photo/s_ratio_poster/public/p1473670352.jpg,9.1
被嫌弃的松子的一生,https://img9.doubanio.com/view/photo/s_ratio_poster/public/p884763596.jpg,8.9
沉默的羔羊,https://img1.doubanio.com/view/photo/s_ratio_poster/public/p1593414327.jpg,8.8
蝴蝶效应,https://img9.doubanio.com/view/photo/s_ratio_poster/public/p1863330956.jpg,8.8
春光乍泄,https://img3.doubanio.com/view/photo/s_ratio_poster/public/p465939041.jpg,8.9
心灵捕手,https://img3.doubanio.com/view/photo/s_ratio_poster/public/p480965695.jpg,8.9
禁闭岛,https://img1.doubanio.com/view/photo/s_ratio_poster/public/p1832875827.jpg,8.8
勇敢的心,https://img3.doubanio.com/view/photo/s_ratio_poster/public/p1374546770.jpg,8.9
剪刀手爱德华,https://img1.doubanio.com/view/photo/s_ratio_poster/public/p480956937.jpg,8.7
布达佩斯大饭店,https://img3.doubanio.com/view/photo/s_ratio_poster/public/p2178872593.jpg,8.8
天使爱美丽,https://img3.doubanio.com/view/photo/s_ratio_poster/public/p2447590313.jpg,8.7
阿凡达,https://img1.doubanio.com/view/photo/s_ratio_poster/public/p2180085848.jpg,8.7
摩登时代,https://img9.doubanio.com/view/photo/s_ratio_poster/public/p2173707976.jpg,9.3
加勒比海盗,https://img3.doubanio.com/view/photo/s_ratio_poster/public/p1596085504.jpg,8.7
幽灵公主,https://img3.doubanio.com/view/photo/s_ratio_poster/public/p1613191025.jpg,8.9
致命ID,https://img9.doubanio.com/view/photo/s_ratio_poster/public/p2558364386.jpg,8.8
入殓师,https://img1.doubanio.com/view/photo/s_ratio_poster/public/p594972928.jpg,8.8
断背山,https://img1.doubanio.com/view/photo/s_ratio_poster/public/p513535588.jpg,8.8
喜剧之王,https://img3.doubanio.com/view/photo/s_ratio_poster/public/p1043597424.jpg,8.7
阳光灿烂的日子,https://img3.doubanio.com/view/photo/s_ratio_poster/public/p2564685215.jpg,8.8
重庆森林,https://img3.doubanio.com/view/photo/s_ratio_poster/public/p792381411.jpg,8.7
狩猎,https://img1.doubanio.com/view/photo/s_ratio_poster/public/p1546987967.jpg,9.1
第六感,https://img3.doubanio.com/view/photo/s_ratio_poster/public/p2220184425.jpg,8.8
海蒂和爷爷,https://img3.doubanio.com/view/photo/s_ratio_poster/public/p2554525534.jpg,9.2
玛丽和马克思,https://img1.doubanio.com/view/photo/s_ratio_poster/public/p1820615077.jpg,8.9
杀人回忆,https://img1.doubanio.com/view/photo/s_ratio_poster/public/p480225538.jpg,8.8
消失的爱人,https://img3.doubanio.com/view/photo/s_ratio_poster/public/p2221768894.jpg,8.7
小森林 夏秋篇,https://img3.doubanio.com/view/photo/s_ratio_poster/public/p2564498893.jpg,9.0
请以你的名字呼唤我,https://img3.doubanio.com/view/photo/s_ratio_poster/public/p2505525050.jpg,8.8
告白,https://img9.doubanio.com/view/photo/s_ratio_poster/public/p689520756.jpg,8.7
一一,https://img3.doubanio.com/view/photo/s_ratio_poster/public/p2567845803.jpg,9.0
大鱼,https://img3.doubanio.com/view/photo/s_ratio_poster/public/p692813374.jpg,8.8
爱在黎明破晓前,https://img3.doubanio.com/view/photo/s_ratio_poster/public/p2555762374.jpg,8.8
阳光姐妹淘,https://img1.doubanio.com/view/photo/s_ratio_poster/public/p1374786017.jpg,8.8
红辣椒,https://img3.doubanio.com/view/photo/s_ratio_poster/public/p672363704.jpg,9.0
侧耳倾听,https://img3.doubanio.com/view/photo/s_ratio_poster/public/p456692072.jpg,8.9
射雕英雄传之东成西就,https://img1.doubanio.com/view/photo/s_ratio_poster/public/p2535922598.jpg,8.7
7号房的礼物,https://img3.doubanio.com/view/photo/s_ratio_poster/public/p1816276065.jpg,8.8
甜蜜蜜,https://img3.doubanio.com/view/photo/s_ratio_poster/public/p1962839732.jpg,8.8
超脱,https://img3.doubanio.com/view/photo/s_ratio_poster/public/p1305562621.jpg,8.9
倩女幽魂,https://img3.doubanio.com/view/photo/s_ratio_poster/public/p2414157745.jpg,8.7
哈利・波特与死亡圣器(下),https://img3.doubanio.com/view/photo/s_ratio_poster/public/p917846733.jpg,8.8
小森林 冬春篇,https://img1.doubanio.com/view/photo/s_ratio_poster/public/p2215147728.jpg,9.0
驯龙高手,https://img3.doubanio.com/view/photo/s_ratio_poster/public/p2210954024.jpg,8.7
蝙蝠侠：黑暗骑士崛起,https://img3.doubanio.com/view/photo/s_ratio_poster/public/p1706428744.jpg,8.7
菊次郎的夏天,https://img3.doubanio.com/view/photo/s_ratio_poster/public/p751835224.jpg,8.8
恐怖直播,https://img9.doubanio.com/view/photo/s_ratio_poster/public/p2016930906.jpg,8.8
爱在日落黄昏时,https://img3.doubanio.com/view/photo/s_ratio_poster/public/p2191788134.jpg,8.8
唐伯虎点秋香,https://img3.doubanio.com/view/photo/s_ratio_poster/public/p1946455272.jpg,8.6
萤火之森,https://img1.doubanio.com/view/photo/s_ratio_poster/public/p1272904657.jpg,8.8
幸福终点站,https://img3.doubanio.com/view/photo/s_ratio_poster/public/p854755094.jpg,8.8
超能陆战队,https://img1.doubanio.com/view/photo/s_ratio_poster/public/p2224568669.jpg,8.6
风之谷,https://img3.doubanio.com/view/photo/s_ratio_poster/public/p1917567652.jpg,8.8
借东西的小人阿莉埃蒂,https://img9.doubanio.com/view/photo/s_ratio_poster/public/p617533616.jpg,8.8
无人知晓,https://img3.doubanio.com/view/photo/s_ratio_poster/public/p661160053.jpg,9.1
神偷奶爸,https://img1.doubanio.com/view/photo/s_ratio_poster/public/p792776858.jpg,8.6
上帝之城,https://img3.doubanio.com/view/photo/s_ratio_poster/public/p455677490.jpg,8.9
怪兽电力公司,https://img1.doubanio.com/view/photo/s_ratio_poster/public/p2513247938.jpg,8.7
玩具总动员3,https://img1.doubanio.com/view/photo/s_ratio_poster/public/p1283675359.jpg,8.8
血战钢锯岭,https://img1.doubanio.com/view/photo/s_ratio_poster/public/p2398141939.jpg,8.7
电锯惊魂,https://img3.doubanio.com/view/photo/s_ratio_poster/public/p2565332644.jpg,8.7
岁月神偷,https://img3.doubanio.com/view/photo/s_ratio_poster/public/p456666151.jpg,8.7
喜宴,https://img9.doubanio.com/view/photo/s_ratio_poster/public/p2173713676.jpg,8.9
七武士,https://img3.doubanio.com/view/photo/s_ratio_poster/public/p2215886505.jpg,9.2
谍影重重3,https://img1.doubanio.com/view/photo/s_ratio_poster/public/p792223507.jpg,8.8
英雄本色,https://img1.doubanio.com/view/photo/s_ratio_poster/public/p2504997087.jpg,8.7
时空恋旅人,https://img3.doubanio.com/view/photo/s_ratio_poster/public/p2070153774.jpg,8.7
傲慢与偏见,https://img3.doubanio.com/view/photo/s_ratio_poster/public/p452005185.jpg,8.6
完美的世界,https://img3.doubanio.com/view/photo/s_ratio_poster/public/p792403691.jpg,9.1
疯狂原始人,https://img1.doubanio.com/view/photo/s_ratio_poster/public/p1867084027.jpg,8.7
萤火虫之墓,https://img1.doubanio.com/view/photo/s_ratio_poster/public/p1157334208.jpg,8.7
东邪西毒,https://img3.doubanio.com/view/photo/s_ratio_poster/public/p1982176012.jpg,8.6
爆裂鼓手,https://img3.doubanio.com/view/photo/s_ratio_poster/public/p2220776342.jpg,8.7
真爱至上,https://img3.doubanio.com/view/photo/s_ratio_poster/public/p475600770.jpg,8.6
教父3,https://img3.doubanio.com/view/photo/s_ratio_poster/public/p2169664351.jpg,8.9
绿皮书,https://img3.doubanio.com/view/photo/s_ratio_poster/public/p2549177902.jpg,8.9
贫民窟的百万富翁,https://img3.doubanio.com/view/photo/s_ratio_poster/public/p2434249040.jpg,8.6
纵横四海,https://img9.doubanio.com/view/photo/s_ratio_poster/public/p2272146906.jpg,8.8
心迷宫,https://img9.doubanio.com/view/photo/s_ratio_poster/public/p2276780256.jpg,8.7
记忆碎片,https://img3.doubanio.com/view/photo/s_ratio_poster/public/p641688453.jpg,8.6
黑天鹅,https://img3.doubanio.com/view/photo/s_ratio_poster/public/p2549648344.jpg,8.5
被解救的姜戈,https://img1.doubanio.com/view/photo/s_ratio_poster/public/p1959232369.jpg,8.7
三块广告牌,https://img1.doubanio.com/view/photo/s_ratio_poster/public/p2510081688.jpg,8.7
荒蛮故事,https://img3.doubanio.com/view/photo/s_ratio_poster/public/p2192834364.jpg,8.8
达拉斯买家俱乐部,https://img1.doubanio.com/view/photo/s_ratio_poster/public/p2166160837.jpg,8.8
哪吒闹海,https://img3.doubanio.com/view/photo/s_ratio_poster/public/p2516566783.jpg,9.0
花样年华,https://img9.doubanio.com/view/photo/s_ratio_poster/public/p1910828286.jpg,8.6
我是山姆,https://img3.doubanio.com/view/photo/s_ratio_poster/public/p652417775.jpg,8.9
你的名字。,https://img1.doubanio.com/view/photo/s_ratio_poster/public/p2395733377.jpg,8.4
雨人,https://img3.doubanio.com/view/photo/s_ratio_poster/public/p942376281.jpg,8.7
卢旺达饭店,https://img3.doubanio.com/view/photo/s_ratio_poster/public/p470419493.jpg,8.9
头脑特工队,https://img9.doubanio.com/view/photo/s_ratio_poster/public/p2266293606.jpg,8.7
天书奇谭,https://img1.doubanio.com/view/photo/s_ratio_poster/public/p2515539487.jpg,9.2
头号玩家,https://img1.doubanio.com/view/photo/s_ratio_poster/public/p2516578307.jpg,8.7
你看起来好像很好吃,https://img3.doubanio.com/view/photo/s_ratio_poster/public/p709670262.jpg,8.8
海边的曼彻斯特,https://img3.doubanio.com/view/photo/s_ratio_poster/public/p2421855655.jpg,8.6
无敌破坏王,https://img9.doubanio.com/view/photo/s_ratio_poster/public/p1735642656.jpg,8.7
恋恋笔记本,https://img3.doubanio.com/view/photo/s_ratio_poster/public/p483604864.jpg,8.5
冰川时代,https://img1.doubanio.com/view/photo/s_ratio_poster/public/p1910895719.jpg,8.5
未麻的部屋,https://img3.doubanio.com/view/photo/s_ratio_poster/public/p1351050722.jpg,8.9
模仿游戏,https://img3.doubanio.com/view/photo/s_ratio_poster/public/p2255040492.jpg,8.6
一个叫欧维的男人决定去死,https://img3.doubanio.com/view/photo/s_ratio_poster/public/p2406624993.jpg,8.8
忠犬八公物语,https://img3.doubanio.com/view/photo/s_ratio_poster/public/p1576418852.jpg,9.1
二十二,https://img1.doubanio.com/view/photo/s_ratio_poster/public/p2457609817.jpg,8.7
功夫,https://img1.doubanio.com/view/photo/s_ratio_poster/public/p2219011938.jpg,8.5
虎口脱险,https://img3.doubanio.com/view/photo/s_ratio_poster/public/p2399597512.jpg,8.9
雨中曲,https://img3.doubanio.com/view/photo/s_ratio_poster/public/p1612355875.jpg,9.0
黑客帝国3：矩阵革命,https://img1.doubanio.com/view/photo/s_ratio_poster/public/p443461818.jpg,8.7
海洋,https://img3.doubanio.com/view/photo/s_ratio_poster/public/p2559581324.jpg,9.1
人工智能,https://img1.doubanio.com/view/photo/s_ratio_poster/public/p792257137.jpg,8.6
房间,https://img3.doubanio.com/view/photo/s_ratio_poster/public/p2259715855.jpg,8.8
海街日记,https://img1.doubanio.com/view/photo/s_ratio_poster/public/p2232247487.jpg,8.7
魔女宅急便,https://img3.doubanio.com/view/photo/s_ratio_poster/public/p456676352.jpg,8.6
燃情岁月,https://img1.doubanio.com/view/photo/s_ratio_poster/public/p1023654037.jpg,8.8
恐怖游轮,https://img3.doubanio.com/view/photo/s_ratio_poster/public/p462470694.jpg,8.4
惊魂记,https://img3.doubanio.com/view/photo/s_ratio_poster/public/p1021883305.jpg,8.9
穿越时空的少女,https://img9.doubanio.com/view/photo/s_ratio_poster/public/p2079334286.jpg,8.6
罗生门,https://img1.doubanio.com/view/photo/s_ratio_poster/public/p2564689879.jpg,8.8
魂断蓝桥,https://img1.doubanio.com/view/photo/s_ratio_poster/public/p2351134499.jpg,8.8
釜山行,https://img1.doubanio.com/view/photo/s_ratio_poster/public/p2360940399.jpg,8.4
完美陌生人,https://img3.doubanio.com/view/photo/s_ratio_poster/public/p2522331945.jpg,8.5
猜火车,https://img1.doubanio.com/view/photo/s_ratio_poster/public/p513567548.jpg,8.5
奇迹男孩,https://img1.doubanio.com/view/photo/s_ratio_poster/public/p2507709428.jpg,8.6
疯狂的石头,https://img3.doubanio.com/view/photo/s_ratio_poster/public/p712241453.jpg,8.4
终结者2：审判日,https://img3.doubanio.com/view/photo/s_ratio_poster/public/p1910909085.jpg,8.7
阿飞正传,https://img3.doubanio.com/view/photo/s_ratio_poster/public/p2525770523.jpg,8.5
香水,https://img1.doubanio.com/view/photo/s_ratio_poster/public/p470006658.jpg,8.5
可可西里,https://img3.doubanio.com/view/photo/s_ratio_poster/public/p2414771522.jpg,8.7
牯岭街少年杀人事件,https://img9.doubanio.com/view/photo/s_ratio_poster/public/p848381236.jpg,8.8
初恋这件小事,https://img3.doubanio.com/view/photo/s_ratio_poster/public/p1505312273.jpg,8.4
新世界,https://img1.doubanio.com/view/photo/s_ratio_poster/public/p1903379979.jpg,8.7
谍影重重2,https://img9.doubanio.com/view/photo/s_ratio_poster/public/p667644866.jpg,8.6
谍影重重,https://img3.doubanio.com/view/photo/s_ratio_poster/public/p1597183981.jpg,8.6
人生果实,https://img3.doubanio.com/view/photo/s_ratio_poster/public/p2544912792.jpg,9.6
战争之王,https://img3.doubanio.com/view/photo/s_ratio_poster/public/p792282381.jpg,8.6
2001太空漫游,https://img3.doubanio.com/view/photo/s_ratio_poster/public/p2560717825.jpg,8.8
地球上的星星,https://img3.doubanio.com/view/photo/s_ratio_poster/public/p1973489335.jpg,8.9
爱在午夜降临前,https://img1.doubanio.com/view/photo/s_ratio_poster/public/p2074715729.jpg,8.8
浪潮,https://img3.doubanio.com/view/photo/s_ratio_poster/public/p1344888983.jpg,8.7
青蛇,https://img3.doubanio.com/view/photo/s_ratio_poster/public/p584021784.jpg,8.5
朗读者,https://img1.doubanio.com/view/photo/s_ratio_poster/public/p1140984198.jpg,8.5
新龙门客栈,https://img1.doubanio.com/view/photo/s_ratio_poster/public/p1421018669.jpg,8.6
无耻混蛋,https://img3.doubanio.com/view/photo/s_ratio_poster/public/p770734475.jpg,8.5
源代码,https://img3.doubanio.com/view/photo/s_ratio_poster/public/p988260245.jpg,8.4
步履不停,https://img3.doubanio.com/view/photo/s_ratio_poster/public/p2561539680.jpg,8.8
绿里奇迹,https://img3.doubanio.com/view/photo/s_ratio_poster/public/p767586451.jpg,8.8
小萝莉的猴神大叔,https://img9.doubanio.com/view/photo/s_ratio_poster/public/p2510956726.jpg,8.4
再次出发之纽约遇见你,https://img3.doubanio.com/view/photo/s_ratio_poster/public/p2250287733.jpg,8.5
哈利・波特与阿兹卡班的囚徒,https://img1.doubanio.com/view/photo/s_ratio_poster/public/p1910812549.jpg,8.5
血钻,https://img3.doubanio.com/view/photo/s_ratio_poster/public/p1244017073.jpg,8.6
追随,https://img3.doubanio.com/view/photo/s_ratio_poster/public/p2074443514.jpg,8.9
彗星来的那一夜,https://img3.doubanio.com/view/photo/s_ratio_poster/public/p2187896734.jpg,8.5
城市之光,https://img1.doubanio.com/view/photo/s_ratio_poster/public/p2170238828.jpg,9.3
一次别离,https://img3.doubanio.com/view/photo/s_ratio_poster/public/p2189835254.jpg,8.7
疯狂的麦克斯4：狂暴之路,https://img3.doubanio.com/view/photo/s_ratio_poster/public/p2236181653.jpg,8.6
哈利・波特与密室,https://img3.doubanio.com/view/photo/s_ratio_poster/public/p1082651990.jpg,8.5
东京物语,https://img3.doubanio.com/view/photo/s_ratio_poster/public/p1925331564.jpg,9.2
撞车,https://img3.doubanio.com/view/photo/s_ratio_poster/public/p2075132390.jpg,8.6
聚焦,https://img1.doubanio.com/view/photo/s_ratio_poster/public/p2263822658.jpg,8.8
遗愿清单,https://img3.doubanio.com/view/photo/s_ratio_poster/public/p708613284.jpg,8.6
发条橙,https://img3.doubanio.com/view/photo/s_ratio_poster/public/p529908155.jpg,8.5
梦之安魂曲,https://img3.doubanio.com/view/photo/s_ratio_poster/public/p2328516855.jpg,8.7
黑鹰坠落,https://img3.doubanio.com/view/photo/s_ratio_poster/public/p1910900710.jpg,8.6
色，戒,https://img3.doubanio.com/view/photo/s_ratio_poster/public/p453716305.jpg,8.4
小偷家族,https://img9.doubanio.com/view/photo/s_ratio_poster/public/p2530599636.jpg,8.7
E.T. 外星人,https://img3.doubanio.com/view/photo/s_ratio_poster/public/p984732992.jpg,8.6
驴得水,https://img3.doubanio.com/view/photo/s_ratio_poster/public/p2393044761.jpg,8.3
我爱你,https://img1.doubanio.com/view/photo/s_ratio_poster/public/p1075591188.jpg,9.0
末路狂花,https://img3.doubanio.com/view/photo/s_ratio_poster/public/p1910924635.jpg,8.7
千钧一发,https://img3.doubanio.com/view/photo/s_ratio_poster/public/p2195672555.jpg,8.7
大佛普拉斯,https://img3.doubanio.com/view/photo/s_ratio_poster/public/p2505928032.jpg,8.7
变脸,https://img3.doubanio.com/view/photo/s_ratio_poster/public/p2173855883.jpg,8.5
这个男人来自地球,https://img9.doubanio.com/view/photo/s_ratio_poster/public/p513303986.jpg,8.5
